EzMPJE4pEvg.wav,10
lQcf-j-pN9g.wav,10
Gs-cF50x0XY.wav,7
VzvIhqQstBc.wav,10
zMrEP1ZzW9U.wav,10
q8oQpfRJ5Rc.wav,7
0B9yeknTznc.wav,10
-BHDFxe_SiA.wav,6
qOLeqEVDjII.wav,10
FtvkCWgjXoY.wav,3
OdWQaPadXDE.wav,7
R-5uWELAgjY.wav,10
RI0FLIKuXeY.wav,6
iTPm5O8xmeg.wav,3
MQWTO_yKqq8.wav,10
puwBZShGYEE.wav,6
rHXldrsyBm8.wav,4
ddg65_henUE.wav,2
qX9ih1XC7Vw.wav,10
6n77Ib52kAw.wav,10
0NgGDJmWMjc.wav,10
zq43weg6sjg.wav,5
2YBsBTUf33Q.wav,4
HyIDvLqYONA.wav,3
KRiG4zOxPjo.wav,10
93E4AOQFrk4.wav,7
3O76zdG-fMI.wav,6
kkj5AvUUmJA.wav,8
_h3HSQ6I8DA.wav,10
SsWLjtbQz2c.wav,8
QLwUXYkF5zI.wav,4
BWxEnoJaWYk.wav,5
0fBz_ec3Xuw.wav,5
LDL2tvLW3K8.wav,2
hBypYES5UYg.wav,10
5fpPvfY6EXM.wav,7
ipZt_r2ARTw.wav,5
5qkd4jTkpR4.wav,3
YTilkcIHL7g.wav,10
MZahX3pJ5GA.wav,9
NOG8HietO5w.wav,6
kFZ0yQ3KcYs.wav,2
SWbtALafXbw.wav,10
Wp_qFcCb9Ao.wav,9
U7AyCZrvUZ8.wav,7
OwBScNpggII.wav,10
AD74tuCXS9s.wav,10
my7lAmlCvb8.wav,6
_bmNEUrlKCA.wav,9
GMY3nQNjRMg.wav,8
vvP9t6k8gp8.wav,4
7QhfgP4s0W8.wav,3
zy-wvF3N2sY.wav,1
WoYYjaKZSzU.wav,0
m-5AV3nWbwM.wav,3
QaoHNhTBDSM.wav,2
GUgD6g0Cdc8.wav,2
UqbCfqtvxh0.wav,2
ixLbyMJ24UQ.wav,6
qV33dfDRATw.wav,8
agH500fFoPw.wav,3
kbg_ffh6_24.wav,1
Ggc5rzi-p6Y.wav,7
WXIqRbBJ1zA.wav,9
xvBWOvVZ4K4.wav,2
G5L0djDg1Oo.wav,9
pRpBx8kyaXY.wav,5
pHllTS1oIP0.wav,6
7d0skExDf18.wav,10
1SgMlt9I728.wav,10
Lo9KR3PIVhM.wav,5
_L-fBQx1mZQ.wav,9
Q63OFMKfk_A.wav,6
mx0akFPKguw.wav,1
V5SiSeVRgMA.wav,1
gPy9ix5Xhc0.wav,4
ejMJZ5FLclE.wav,4
om3YZ-i2234.wav,3
pFPV25anyIA.wav,2
2itlXIPA1uM.wav,2
ZQc7enIh0qY.wav,10
2Mw64gwlcEc.wav,9
LqdXokFoY8w.wav,6
S3xg_uklQ-E.wav,2
DM0fUouk7Fc.wav,7
D1V6OAM-PyU.wav,8
GsvCwfSNJe0.wav,10
eWL5-_oB8tg.wav,8
EUuN_j7wnKo.wav,5
_IJcifaRpXI.wav,8
gZFDapzz_Xo.wav,10
puNWmf7sXqA.wav,3